NAME,IP
school1,203.0.113.1
school2,203.0.113.1
school3,203.0.113.1
school4,203.0.113.1
school5,203.0.113.1
school6,203.0.113.1
school7,203.0.113.1
school8,203.0.113.1
school9,203.0.113.1
school10,203.0.113.1
school11,203.0.113.1
school12,203.0.113.1
school13,203.0.113.1
school14,203.0.113.1
school15,203.0.113.1
school16,203.0.113.1
school17,203.0.113.1
school18,203.0.113.1
school19,203.0.113.1
school20,203.0.113.1
school21,203.0.113.1
school22,203.0.113.1
school23,203.0.113.1
school24,203.0.113.1
school25,203.0.113.1
school26,203.0.113.1
school27,203.0.113.1
school28,203.0.113.1
school29,203.0.113.1
school30,203.0.113.1
school31,203.0.113.1
school32,203.0.113.1
school33,203.0.113.1
school34,203.0.113.1
school35,203.0.113.1
school36,203.0.113.1
school37,203.0.113.1
school38,203.0.113.1
school39,203.0.113.1
school40,203.0.113.1
school41,203.0.113.1
school42,203.0.113.1
school43,203.0.113.1
school44,203.0.113.1
school45,203.0.113.1
school46,203.0.113.1
school47,203.0.113.1
school48,203.0.113.1
school49,203.0.113.1
school50,203.0.113.1
school51,203.0.113.1
school52,203.0.113.1
school53,203.0.113.1
school54,203.0.113.1
school55,203.0.113.1
school56,203.0.113.1
school57,203.0.113.1
school58,203.0.113.1
school59,203.0.113.1
school60,203.0.113.1
school61,203.0.113.1
school62,203.0.113.1
school63,203.0.113.1
school64,203.0.113.1
school65,203.0.113.1
school66,203.0.113.1
school67,203.0.113.1
school68,203.0.113.1
school69,203.0.113.1
school70,203.0.113.1
school71,203.0.113.1
school72,203.0.113.1
school73,203.0.113.1
school74,203.0.113.1
school75,203.0.113.1
school76,203.0.113.1
school77,203.0.113.1
school78,203.0.113.1
school79,203.0.113.1
school80,203.0.113.1
